{"A":[[1.73148495208373,-0.0823480285411854,0.611502445829476,-1.14819272948314,0.304392479988114,-0.715022752242692,0.719305535049304,-0.0935997529878042,0.293615668800231,-0.284938682754674,-0.0505446535557448,-0.122444933618363],[-0.566126906761797,0.821701677718531,-0.647328409845352,0.666215383489423,-0.3185567607162,0.41489153002223,-0.372802339256701,0.0882464767526353,-0.21757069910492,0.124255966736808,0.00852720534850696,0.0932313032960232],[-0.136535342726627,-0.524250988866313,0.703602681672847,0.0709491629609452,0.0906007702870129,-0.0947522475173622,-0.163562983868895,0.0122223414849744,-0.0325143238941728,0.110322448530158,0.0808971071772146,0.101334226670678],[1,0,0,0,0,0,0,0,0,0,0,0],[0,1,0,0,0,0,0,0,0,0,0,0],[0,0,1,0,0,0,0,0,0,0,0,0],[0,0,0,1,0,0,0,0,0,0,0,0],[0,0,0,0,1,0,0,0,0,0,0,0],[0,0,0,0,0,1,0,0,0,0,0,0],[0,0,0,0,0,0,1,0,0,0,0,0],[0,0,0,0,0,0,0,1,0,0,0,0],[0,0,0,0,0,0,0,0,1,0,0,0]],"Q":[[1,0,0,0,0,0,0,0,0,0,0,0],[0,1,0,0,0,0,0,0,0,0,0,0],[0,0,1,0,0,0,0,0,0,0,0,0],[0,0,0,0,0,0,0,0,0,0,0,0],[0,0,0,0,0,0,0,0,0,0,0,0],[0,0,0,0,0,0,0,0,0,0,0,0],[0,0,0,0,0,0,0,0,0,0,0,0],[0,0,0,0,0,0,0,0,0,0,0,0],[0,0,0,0,0,0,0,0,0,0,0,0],[0,0,0,0,0,0,0,0,0,0,0,0],[0,0,0,0,0,0,0,0,0,0,0,0],[0,0,0,0,0,0,0,0,0,0,0,0]],"H":[[-0.388034444697421,0.720505213257937,0.723554101339172],[0.441206249589392,2.00387713196014,1.50455215569948],[-0.0340327358094746,0.902927855310746,0.338509005568323],[0.226678962710447,0.175464692494792,0.0939102403936871],[0.526419177833672,-0.311117571361483,0.644685768466472],[0.779698361056814,0.00108598229646051,0.513297331651035],[-0.623723873844732,-0.540612691811888,-0.410111509115761],[0.0845442775222866,-0.373347655568398,0.590454972556924],[0.168697403176336,0.770535401588665,0.559952960336138],[1.10841455626149,3.1401473024044,2.96224883725196],[-1.34694393925984,-1.18132163283749,0.734005661791474],[-0.325274817115071,0.231838837056152,-0.0496196828871072],[-0.249769560189692,0.939671779917542,0.983124077030955],[-0.181185122511048,0.00149083225252622,-0.244342816646243],[0.0990010783454952,1.33652064191938,0.906133419478447],[-2.29775183308489,-6.45623542293236,-5.9341265242575]],"HJ":[[-0.0970086111743554,0.180126303314484,0.180888525334793,-0.0970086111743554,0.180126303314484,0.180888525334793,-0.0970086111743554,0.180126303314484,0.180888525334793,-0.0970086111743554,0.180126303314484,0.180888525334793],[0.110301562397348,0.500969282990034,0.376138038924871,0.110301562397348,0.500969282990034,0.376138038924871,0.110301562397348,0.500969282990034,0.376138038924871,0.110301562397348,0.500969282990034,0.376138038924871],[-0.00850818395236865,0.225731963827687,0.0846272513920807,-0.00850818395236865,0.225731963827687,0.0846272513920807,-0.00850818395236865,0.225731963827687,0.0846272513920807,-0.00850818395236865,0.225731963827687,0.0846272513920807],[0.226678962710447,0.175464692494792,0.0939102403936871,0,0,0,0,0,0,0,0,0],[0.526419177833672,-0.311117571361483,0.644685768466472,0,0,0,0,0,0,0,0,0],[0.779698361056814,0.00108598229646051,0.513297331651035,0,0,0,0,0,0,0,0,0],[-0.155930968461183,-0.135153172952972,-0.10252787727894,-0.155930968461183,-0.135153172952972,-0.10252787727894,-0.155930968461183,-0.135153172952972,-0.10252787727894,-0.155930968461183,-0.135153172952972,-0.10252787727894],[0.0845442775222866,-0.373347655568398,0.590454972556924,0,0,0,0,0,0,0,0,0],[0.168697403176336,0.770535401588665,0.559952960336138,0,0,0,0,0,0,0,0,0],[1.10841455626149,3.1401473024044,2.96224883725196,0,0,0,0,0,0,0,0,0],[-1.34694393925984,-1.18132163283749,0.734005661791474,0,0,0,0,0,0,0,0,0],[-0.0813187042787677,0.0579597092640381,-0.0124049207217768,-0.0813187042787677,0.0579597092640381,-0.0124049207217768,-0.0813187042787677,0.0579597092640381,-0.0124049207217768,-0.0813187042787677,0.0579597092640381,-0.0124049207217768],[-0.0624423900474231,0.234917944979386,0.245781019257739,-0.0624423900474231,0.234917944979386,0.245781019257739,-0.0624423900474231,0.234917944979386,0.245781019257739,-0.0624423900474231,0.234917944979386,0.245781019257739],[-0.181185122511048,0.00149083225252622,-0.244342816646243,0,0,0,0,0,0,0,0,0],[0.0247502695863738,0.334130160479844,0.226533354869612,0.0247502695863738,0.334130160479844,0.226533354869612,0.0247502695863738,0.334130160479844,0.226533354869612,0.0247502695863738,0.334130160479844,0.226533354869612],[-2.29775183308489,-6.45623542293236,-5.9341265242575,0,0,0,0,0,0,0,0,0]],"R":[[33.3508264407349],[87.7815790063148],[53.2194365264731],[96.1351956852768],[0.136204414860181],[23.4812565283977],[72.2722956182316],[51.6772034435451],[95.7384586946528],[82.8184150275709],[1.5515920176768],[59.5832837088474],[46.2904489737681],[87.0727704464988],[67.7590657990821],[10.4821013598143]],"p":[4],"m":[3],"isdiff":[0,0,0,1,0,0,0,0,1,0,0,0,0,0,0,1],"colnames":["united states, business confidence","united states, composite pmi","united states, consumer confidence","united states, continuing jobless claims","united states, corporate 10y t bill spread","united states, corporate bond spread","united states, industrial production mom","united states, initial jobless claims","united states, interbank rate","united states, mortgage applications","united states, mortgage spread 30y 15y","united states, ny empire state manufacturing index","united states, philadelphia fed manufacturing index","united states, redbook index sa","united states, richmond fed manufacturing index","united states, t bill spread 10y 3m"],"frq":["m","m","m","w","w","w","m","w","w","w","w","m","m","w","m","w"],"forecast_loglikelihood":[[-102005.304860537]],"fitted_loglikelihood":[-49935.7559470236]}
