{"A":[[2.15141369960322,0.24565916050434,-1.85137501184435,-0.618489948564415,0.866495704871405,0.602569332458392,-0.21095908821006,-0.238759494327916],[-0.00047214028117532,1.88256045109614,-0.0207396877142052,-1.34967260474868,0.173242862606862,0.831520401462157,-0.133399113089592,-0.384450548981191],[1,0,0,0,0,0,0,0],[0,1,0,0,0,0,0,0],[0,0,1,0,0,0,0,0],[0,0,0,1,0,0,0,0],[0,0,0,0,1,0,0,0],[0,0,0,0,0,1,0,0]],"Q":[[0.0206301701548838,-0.00490802303039138,0,0,0,0,0,0],[-0.00490802303039138,0.00521809951929385,0,0,0,0,0,0],[0,0,0,0,0,0,0,0],[0,0,0,0,0,0,0,0],[0,0,0,0,0,0,0,0],[0,0,0,0,0,0,0,0],[0,0,0,0,0,0,0,0],[0,0,0,0,0,0,0,0]],"H":[[10.4876049076628,5.54136070974176],[10.1271929396624,-1.12746152694128],[8.1409885697054,-2.75569314216837],[9.72416019226479,-0.191607007136674],[6.6290261275936,-2.21879987156569],[-6.33186873950252,3.84525445336336],[-13.4765149233306,-13.0581732917809],[6.50678783260271,-3.36509504360555],[5.97165345485696,-2.78583977892784],[-2.59144628685634,2.78264444018655],[6.25194356405481,1.59037821926714],[8.34359310058923,-2.61575986535605],[3.67063818199451,-5.86738180722463],[-0.19205934304719,2.76616809257378],[8.54330115332932,-2.60920070444121],[7.58174976888745,-1.64850546886695],[12.1981800232987,3.99056630589701],[9.29338170615736,-3.1933749931051],[8.16056928306259,-4.22243105090638],[6.92926924951801,2.63548649997151],[10.5403311547418,-2.09034485820357],[4.41276528177465,13.6192015827904],[-6.52510856140319,-33.5705352111491]],"HJ":[[10.4876049076628,5.54136070974176,0,0,0,0,0,0],[10.1271929396624,-1.12746152694128,0,0,0,0,0,0],[8.1409885697054,-2.75569314216837,0,0,0,0,0,0],[9.72416019226479,-0.191607007136674,0,0,0,0,0,0],[6.6290261275936,-2.21879987156569,0,0,0,0,0,0],[-6.33186873950252,3.84525445336336,0,0,0,0,0,0],[-13.4765149233306,-13.0581732917809,0,0,0,0,0,0],[2.16892927753424,-1.12169834786852,2.16892927753424,-1.12169834786852,2.16892927753424,-1.12169834786852,0,0],[5.97165345485696,-2.78583977892784,0,0,0,0,0,0],[-2.59144628685634,2.78264444018655,0,0,0,0,0,0],[6.25194356405481,1.59037821926714,0,0,0,0,0,0],[8.34359310058923,-2.61575986535605,0,0,0,0,0,0],[3.67063818199451,-5.86738180722463,0,0,0,0,0,0],[-0.19205934304719,2.76616809257378,0,0,0,0,0,0],[8.54330115332932,-2.60920070444121,0,0,0,0,0,0],[7.58174976888745,-1.64850546886695,0,0,0,0,0,0],[12.1981800232987,3.99056630589701,0,0,0,0,0,0],[9.29338170615736,-3.1933749931051,0,0,0,0,0,0],[8.16056928306259,-4.22243105090638,0,0,0,0,0,0],[6.92926924951801,2.63548649997151,0,0,0,0,0,0],[10.5403311547418,-2.09034485820357,0,0,0,0,0,0],[4.41276528177465,13.6192015827904,0,0,0,0,0,0],[-6.52510856140319,-33.5705352111491,0,0,0,0,0,0]],"R":[[43.8853712392102],[5.94741468626016],[35.0616117669205],[12.8515582513588],[61.3143252910372],[51.3046412983282],[28.4390537559404],[45.8345893270142],[61.7594755600878],[94.3172670050752],[79.9765523515981],[33.0075038342699],[92.1886444235907],[98.7340948765441],[49.4369673147778],[46.7159332103703],[28.1347933442526],[42.5355659295259],[24.6154595121986],[74.5681113472015],[37.7331622360852],[96.2517979733247],[0.588452918684128]],"p":[4],"m":[2],"isdiff":[0,0,0,0,0,1,0,0,0,1,1,0,0,0,0,0,0,0,0,0,0,1,0],"colnames":["united states, adp employment change","united states, business confidence","united states, chicago fed national activity index","united states, chicago pmi","united states, consumer confidence","united states, continuing jobless claims","united states, corporate 10y t bill spread","united states, gdp growth rate","united states, industrial production mom","united states, initial jobless claims","united states, interbank rate","united states, manufacturing payrolls","united states, manufacturing pmi","united states, mortgage applications","united states, nfib business optimism index","united states, non farm payrolls","united states, non manufacturing pmi","united states, ny empire state manufacturing index","united states, philadelphia fed manufacturing index","united states, redbook index sa","united states, richmond fed manufacturing index","united states, services pmi","united states, t bill spread 10y 3m"],"frq":["m","m","m","m","m","m","m","q","m","m","m","m","m","m","m","m","m","m","m","m","m","m","m"],"forecast_loglikelihood":[[-34533.6744715449]],"fitted_loglikelihood":[-29496.3818379183]}
